<?xml version="1.0" encoding="UTF-8"?>
<ar:ApplicationResponse xmlns="urn:oasis:names:specification:ubl:schema:xsd:Invoice-2" xmlns:ar="urn:oasis:names:specification:ubl:schema:xsd:ApplicationResponse-2" xmlns:ext="urn:oasis:names:specification:ubl:schema:xsd:CommonExtensionComponents-2" xmlns:cbc="urn:oasis:names:specification:ubl:schema:xsd:CommonBasicComponents-2" xmlns:cac="urn:oasis:names:specification:ubl:schema:xsd:CommonAggregateComponents-2" xmlns:ds="http://www.w3.org/2000/09/xmldsig#" xmlns:soap="http://schemas.xmlsoap.org/soap/envelope/" xmlns:date="http://exslt.org/dates-and-times" xmlns:sac="urn:sunat:names:specification:ubl:peru:schema:xsd:SunatAggregateComponents-1" xmlns:xs="http://www.w3.org/2001/XMLSchema" xmlns:regexp="http://exslt.org/regular-expressions"><ext:UBLExtensions xmlns=""><ext:UBLExtension><ext:ExtensionContent><Signature xmlns="http://www.w3.org/2000/09/xmldsig#">
<SignedInfo>
  <CanonicalizationMethod Algorithm="http://www.w3.org/2001/10/xml-exc-c14n#WithComments"/>
  <SignatureMethod Algorithm="http://www.w3.org/2001/04/xmldsig-more#rsa-sha512"/>
  <Reference URI="">
    <Transforms>
      <Transform Algorithm="http://www.w3.org/2000/09/xmldsig#enveloped-signature"/>
      <Transform Algorithm="http://www.w3.org/2001/10/xml-exc-c14n#WithComments"/>
    </Transforms>
    <DigestMethod Algorithm="http://www.w3.org/2001/04/xmlenc#sha512"/>
    <DigestValue>hP5kqiyR7/m5PC6b0Rhg0eZj81h7GspWnT/96afSmnXSXhbWwHAxQMYQdBmFsI/kALZ2Xz7BG0LSJ9vMyhsOrQ==</DigestValue>
  </Reference>
</SignedInfo>
    <SignatureValue>*Private key 'BetaPublicCert' not up*</SignatureValue><KeyInfo><X509Data><X509Certificate>*Named certificate 'BetaPrivateKey' not up*</X509Certificate><X509IssuerSerial><X509IssuerName>*Named certificate 'BetaPrivateKey' not up*</X509IssuerName><X509SerialNumber>*Named certificate 'BetaPrivateKey' not up*</X509SerialNumber></X509IssuerSerial></X509Data></KeyInfo></Signature></ext:ExtensionContent></ext:UBLExtension></ext:UBLExtensions><cbc:UBLVersionID>2.0</cbc:UBLVersionID><cbc:CustomizationID>1.0</cbc:CustomizationID><cbc:ID>1659465450025</cbc:ID><cbc:IssueDate>2022-08-01T15:08:30</cbc:IssueDate><cbc:IssueTime>00:00:00</cbc:IssueTime><cbc:ResponseDate>2022-08-02</cbc:ResponseDate><cbc:ResponseTime>13:37:30</cbc:ResponseTime><cac:Signature><cbc:ID>SignSUNAT</cbc:ID><cac:SignatoryParty><cac:PartyIdentification><cbc:ID>20131312955</cbc:ID></cac:PartyIdentification><cac:PartyName><cbc:Name>SUNAT</cbc:Name></cac:PartyName></cac:SignatoryParty><cac:DigitalSignatureAttachment><cac:ExternalReference><cbc:URI>#SignSUNAT</cbc:URI></cac:ExternalReference></cac:DigitalSignatureAttachment></cac:Signature><cbc:Note>4092 - El nombre comercial del emisor no cumple con el formato establecido - INFO: 4092 (nodo: "cac:PartyName/cbc:Name" valor: "")</cbc:Note><cbc:Note>4094 - La direcci&#243;n completa y detallada del domicilio fiscal del emisor no cumple con el formato establecido - INFO: 4094 (nodo: "cac:AddressLine/cbc:Line" valor: "")</cbc:Note><cbc:Note>4095 - La urbanizaci&#243;n del domicilio fiscal del emisor no cumple con el formato establecido - INFO: 4095 (nodo: "cac:RegistrationAddress/cbc:CitySubdivisionName" valor: "")</cbc:Note><cbc:Note>4096 - La provincia del domicilio fiscal del emisor no cumple con el formato establecido - INFO: 4096 (nodo: "cac:RegistrationAddress/cbc:CityName" valor: "")</cbc:Note><cbc:Note>4097 - El departamento del domicilio fiscal del emisor no cumple con el formato establecido - INFO: 4097 (nodo: "cac:RegistrationAddress/cbc:CountrySubentity" valor: "")</cbc:Note><cbc:Note>4098 - El distrito del domicilio fiscal del emisor no cumple con el formato establecido - INFO: 4098 (nodo: "cac:RegistrationAddress/cbc:District" valor: "")</cbc:Note><cac:SenderParty><cac:PartyIdentification><cbc:ID>20131312955</cbc:ID></cac:PartyIdentification></cac:SenderParty><cac:ReceiverParty><cac:PartyIdentification><cbc:ID>20520485750</cbc:ID></cac:PartyIdentification></cac:ReceiverParty><cac:DocumentResponse><cac:Response><cbc:ReferenceID>B001-00000004</cbc:ReferenceID><cbc:ResponseCode>0</cbc:ResponseCode><cbc:Description>La Boleta numero B001-00000004, ha sido aceptada</cbc:Description></cac:Response><cac:DocumentReference><cbc:ID>B001-00000004</cbc:ID></cac:DocumentReference><cac:RecipientParty><cac:PartyIdentification><cbc:ID>6-99999999</cbc:ID></cac:PartyIdentification></cac:RecipientParty></cac:DocumentResponse></ar:ApplicationResponse>